year,temperature_anomaly,co2,co2_including_luc,cumulative_co2,co2_per_capita,renewable_percent,temp_change_rate,co2_change_rate,co2_growth_pct,temp_zscore,co2_zscore,co2_lag_30,decade,cumulative_temp_change,cumulative_co2_change,decoupling
1880,-0.17,858.056,4238.371,18705.959,0.601,,,,,-0.6183606846084782,-1.0028311030744779,,1880,-0.17,0.0,False
1881,-0.09,887.965,4265.046,19593.924,,,0.08000000000000002,29.908999999999992,3.4856699329647522,-0.407481019519974,-1.0002462898805413,,1880,-0.26,29.908999999999992,False
1882,-0.11,937.888,4494.524,20531.812,,,-0.020000000000000004,49.923,5.622181054433462,-0.46020093579210003,-0.9959318150040527,,1880,-0.37,109.74099999999999,False
1883,-0.17,997.515,4476.418,21529.328,,,-0.06000000000000001,59.62699999999995,6.357582142004148,-0.6183606846084782,-0.9907786953305479,,1880,-0.54,249.19999999999993,False
1884,-0.28,1009.43,4641.681,22538.758,,,-0.11000000000000001,11.914999999999964,1.1944682536102258,-0.9083202241051711,-0.9897489701907652,,1880,-0.8200000000000001,400.57399999999984,False
1885,-0.33,1017.145,4648.389,23555.902,,,-0.04999999999999999,7.715000000000032,0.7642927196536586,-1.040120014785486,-0.989082219921909,,1880,-1.1500000000000001,559.6629999999998,False
1886,-0.31,1032.614,4577.955,24588.516,,,0.020000000000000018,15.469000000000051,1.5208254476992034,-0.9874000985133601,-0.9877453489032523,,1880,-1.4600000000000002,734.2209999999998,False
1887,-0.36,1083.728,4775.171,25672.242,,,-0.04999999999999999,51.11400000000003,4.949961941248127,-1.1191998891936752,-0.9833279447240796,,1880,-1.8200000000000003,959.8929999999998,False
1888,-0.18,1200.802,4767.22,26873.045,,,0.18,117.07399999999984,10.80289519141333,-0.644720642744541,-0.9732101066195981,,1880,-2.0000000000000004,1302.6389999999997,False
1889,-0.11,1201.516,4879.21,28074.561,,,0.06999999999999999,0.7140000000001692,0.05946026072576327,-0.46020093579210003,-0.9731484008915406,,1880,-2.1100000000000003,1646.0989999999997,False
1890,-0.35,1306.591,5256.924,29381.152,0.844,,-0.24,105.07499999999982,8.74520189493937,-1.092839931057612,-0.9640675474242602,,1890,-2.4600000000000004,2094.6339999999996,False
1891,-0.22,1368.916,5529.553,30750.068,,,0.12999999999999998,62.325000000000045,4.7700466328024715,-0.7501604752887931,-0.9586812596074793,,1890,-2.6800000000000006,2605.4939999999997,False
1892,-0.27,1379.809,5481.639,32129.875,,,-0.05000000000000002,10.893000000000029,0.7957391103617706,-0.8819602659691081,-0.9577398583529555,,1890,-2.9500000000000006,3127.2469999999994,False
1893,-0.31,1362.515,5651.208,33492.391,,,-0.03999999999999998,-17.29399999999987,-1.2533618783469258,-0.9874000985133601,-0.9592344505952886,,1890,-3.2600000000000007,3631.705999999999,False
1894,-0.31,1411.533,5715.698,34903.926,,,0.0,49.0179999999998,3.5976117694116905,-0.9874000985133601,-0.9549981881612257,,1890,-3.5700000000000007,4185.182999999999,False
1895,-0.23,1495.239,5804.726,36399.164,,,0.07999999999999999,83.70600000000013,5.930148285587378,-0.7765204334248561,-0.9477640989836651,,1890,-3.8000000000000007,4822.365999999999,False
1896,-0.12,1544.661,5789.286,37943.824,,,0.11000000000000001,49.422000000000025,3.305290993613741,-0.486560893928163,-0.9434929218239226,,1890,-3.920000000000001,5508.971,False
1897,-0.11,1617.493,6021.85,39561.316,,,0.009999999999999995,72.83199999999988,4.7150798783681225,-0.46020093579210003,-0.9371985918717078,,1890,-4.030000000000001,6268.407999999999,False
1898,-0.28,1705.961,6062.896,41267.277,,,-0.17000000000000004,88.46800000000007,5.469451799791414,-0.9083202241051711,-0.9295529583285876,,1890,-4.310000000000001,7116.312999999999,False
1899,-0.18,1863.135,6310.746,43130.414,,,0.10000000000000003,157.17399999999998,9.213223514488323,-0.644720642744541,-0.9159695744326434,,1890,-4.490000000000001,8121.391999999999,False
1900,-0.09,1961.491,6467.588,45091.906,1.174,,0.09,98.356,5.279059220077986,-0.407481019519974,-0.9074693943362566,,1900,-4.580000000000001,9224.827,False
1901,-0.16,2023.964,6556.726,47115.871,,,-0.07,62.472999999999956,3.1849751031230777,-0.5920007264724151,-0.902070315976405,,1900,-4.740000000000001,10390.734999999999,False
1902,-0.29,2074.8,6702.02,49190.672,,,-0.12999999999999998,50.83600000000024,2.5117047536418857,-0.9346801822412341,-0.8976769372767841,,1900,-5.030000000000001,11607.479,False
1903,-0.38,2262.046,6858.983,51452.715,,,-0.09000000000000002,187.24599999999964,9.024773472141877,-1.171919805465801,-0.8814946533050076,,1900,-5.410000000000001,13011.469,False
1904,-0.48,2287.509,6966.584,53740.223,,,-0.09999999999999998,25.463000000000193,1.1256623428524515,-1.435519386826431,-0.879294074938723,,1900,-5.890000000000001,14440.921999999999,False
1905,-0.27,2437.062,7263.804,56177.285,,,0.20999999999999996,149.55299999999988,6.5378103430412615,-0.8819602659691081,-0.8663693175883334,,1900,-6.16,16019.927999999998,False
1906,-0.23,2544.486,7381.79,58721.77,,,0.04000000000000001,107.42399999999998,4.407930532748039,-0.7765204334248561,-0.8570854574610991,,1900,-6.390000000000001,17706.357999999997,False
1907,-0.4,2900.325,7648.859,61622.098,,,-0.17,355.83899999999994,13.984710468047368,-1.2246397217379272,-0.8263329300574007,,1900,-6.790000000000001,19748.626999999997,False
1908,-0.44,2785.687,7624.521,64407.781,,,-0.03999999999999998,-114.63799999999992,-3.952591519915871,-1.3300795542821793,-0.836240242736745,,1900,-7.230000000000001,21676.257999999998,False
1909,-0.49,2901.167,7847.356,67308.953,,,-0.04999999999999999,115.48000000000002,4.1454765018467565,-1.4618793449624943,-0.8262601622380389,,1900,-7.7200000000000015,23719.369,False
1910,-0.44,3043.326,7790.212,70352.273,1.691,,0.04999999999999999,142.1590000000001,4.9000626299692485,-1.3300795542821793,-0.8139744135056559,858.056,1910,-8.160000000000002,25904.639,False
1911,-0.45,3090.098,7916.859,73442.375,,,-0.010000000000000009,46.771999999999935,1.5368711731835516,-1.3564395124182425,-0.8099322562049505,887.965,1910,-8.610000000000001,28136.681,False
1912,-0.38,3246.477,7932.678,76688.852,,,0.07,156.3789999999999,5.0606485619549835,-1.171919805465801,-0.7964175782667173,937.888,1910,-8.990000000000002,30525.102,False
1913,-0.36,3516.533,8031.084,80205.383,,,0.020000000000000018,270.05600000000004,8.31843256551641,-1.1191998891936752,-0.7730786397565114,997.515,1910,-9.350000000000001,33183.579,False
1914,-0.16,3189.786,7786.192,83395.172,,,0.19999999999999998,-326.74699999999984,-9.291737060337546,-0.5920007264724151,-0.8013169612209271,1009.43,1910,-9.510000000000002,35515.309,True
1915,-0.15,3140.277,7711.419,86535.445,,,0.010000000000000009,-49.509000000000015,-1.5521103923586077,-0.565640768336352,-0.805595657145853,1017.145,1910,-9.660000000000002,37797.53,True
1916,-0.37,3391.973,7914.631,89927.414,,,-0.22,251.6959999999999,8.015089114750062,-1.1455598473297381,-0.7838434373571247,1032.614,1910,-10.030000000000001,40331.447,False
1917,-0.47,3548.138,8093.514,93475.562,,,-0.09999999999999998,156.16499999999996,4.603957637634504,-1.4091594286903681,-0.7703472538527912,1083.728,1910,-10.500000000000002,43021.529,False
1918,-0.31,3499.686,8048.176,96975.25,,,0.15999999999999998,-48.45199999999977,-1.3655613169498926,-0.9874000985133601,-0.7745346011018672,1200.802,1910,-10.810000000000002,45663.159,True
1919,-0.29,3033.839,7515.103,100009.086,,,0.020000000000000018,-465.8470000000002,-13.311108482303846,-0.9346801822412341,-0.8147943046010079,1201.516,1910,-11.100000000000001,47838.942,True
1920,-0.28,3537.837,8141.36,103546.922,1.835,,0.009999999999999953,503.99800000000005,16.612549314581294,-0.9083202241051711,-0.771237492935032,1306.591,1920,-11.38,50518.723000000005,False
1921,-0.2,3106.184,7945.138,106653.109,,,0.08000000000000002,-431.6529999999998,-12.201042614456226,-0.697440559016667,-0.8085420624493027,1368.916,1920,-11.58,52766.851,True
1922,-0.29,3254.463,8057.033,109907.562,,,-0.08999999999999997,148.279,4.773670844998246,-0.9346801822412341,-0.7957274074764275,1379.809,1920,-11.87,55163.258,False
1923,-0.27,3690.698,8598.434,113598.266,,,0.019999999999999962,436.2349999999997,13.404208313322341,-0.8819602659691081,-0.7580268496624937,1362.515,1920,-12.139999999999999,57995.9,False
1924,-0.28,3702.777,8624.079,117301.039,,,-0.010000000000000009,12.079000000000178,0.32728226476401723,-0.9083202241051711,-0.7569829512182273,1411.533,1920,-12.419999999999998,60840.621,False
1925,-0.23,3740.634,8659.077,121041.672,,,0.05000000000000002,37.85699999999997,1.0223948134062688,-0.7765204334248561,-0.7537112512923569,1495.239,1920,-12.649999999999999,63723.199,False
1926,-0.11,3677.407,8607.713,124719.086,,,0.12000000000000001,-63.22699999999986,-1.6902749640836268,-0.46020093579210003,-0.7591754922837988,1544.661,1920,-12.759999999999998,66542.55,True
1927,-0.22,4012.947,8978.803,128732.031,,,-0.11,335.53999999999996,9.12436398799481,-0.7501604752887931,-0.7301772570003223,1617.493,1920,-12.979999999999999,69697.441,False
1928,-0.21,3996.312,8936.3,132728.344,,,0.010000000000000009,-16.63500000000022,-0.41453325947240494,-0.7238005171527301,-0.7316148967569552,1705.961,1920,-13.19,72835.697,True
1929,-0.37,4288.211,9182.316,137016.562,,,-0.16,291.89900000000034,7.30420948114161,-1.1455598473297381,-0.7063882296501677,1863.135,1920,-13.559999999999999,76265.852,False
1930,-0.16,3958.096,8978.353,140974.656,1.879,,0.21,-330.11500000000024,-7.698198619424279,-0.5920007264724151,-0.7349176223920311,1961.491,1930,-13.719999999999999,79365.89199999999,True
1931,-0.1,3539.32,8724.165,144513.969,,,0.06,-418.77599999999984,-10.58023857935735,-0.4338409776560371,-0.7711093282365596,2023.964,1930,-13.819999999999999,82047.15599999999,True
1932,-0.16,3192.592,8426.001,147706.562,,,-0.06,-346.72800000000007,-9.796458076692705,-0.5920007264724151,-0.801074459438113,2074.8,1930,-13.979999999999999,84381.69199999998,False
1933,-0.29,3362.683,8660.049,151069.25,,,-0.12999999999999998,170.0909999999999,5.327677323002744,-0.9346801822412341,-0.7863747549688938,2262.046,1930,-14.269999999999998,86886.31899999997,False
1934,-0.13,3656.187,8993.966,154725.438,,,0.15999999999999998,293.5039999999999,8.728268468957667,-0.512920852064226,-0.7610093796078595,2287.509,1930,-14.399999999999999,89684.44999999997,False
1935,-0.2,3835.742,9096.908,158561.172,,,-0.07,179.5550000000003,4.910990603051757,-0.697440559016667,-0.7454917717628199,2437.062,1930,-14.599999999999998,92662.13599999997,False
1936,-0.15,4207.931,9508.503,162769.109,,,0.05000000000000002,372.1889999999994,9.703181288001094,-0.565640768336352,-0.7133262350401585,2544.486,1930,-14.749999999999998,96012.01099999997,False
1937,-0.03,4496.715,9865.007,167265.828,,,0.12,288.78400000000056,6.862850175062296,-0.24932127070359594,-0.6883687742959745,2900.325,1930,-14.779999999999998,99650.66999999997,False
1938,-0.01,4229.619,9647.704,171495.438,,,0.019999999999999997,-267.09600000000046,-5.939802722654219,-0.19660135443146992,-0.7114519019447659,2785.687,1930,-14.789999999999997,103022.23299999996,True
1939,-0.02,4470.135,9827.297,175965.562,,,-0.01,240.51600000000053,5.6864696323711605,-0.22296131256753296,-0.690665886693408,2901.167,1930,-14.809999999999997,106634.31199999996,False
1940,0.12,4884.664,10343.007,180850.25,2.098,,0.13999999999999999,414.52899999999954,9.273299352256693,0.14607810133734914,-0.6548412175814565,3043.326,1940,-14.689999999999998,110660.91999999995,False
1941,0.18,4999.093,10737.394,185849.328,,,0.06,114.42900000000009,2.342617629380439,0.3042378501537272,-0.6449519672230702,3090.098,1940,-14.509999999999998,114801.95699999995,False
1942,0.06,4982.524,10751.767,190831.859,,,-0.12,-16.568999999999505,-0.3314401232383468,-0.0120816474790289,-0.6463839030888744,3246.477,1940,-14.449999999999998,118926.42499999996,False
1943,0.08,5075.273,10796.097,195907.125,,,0.020000000000000004,92.7489999999998,1.8614862667997167,0.04063826879309712,-0.6383682944451742,3516.533,1940,-14.369999999999997,123143.64199999996,False
1944,0.2,5162.486,10860.886,201069.609,,,0.12000000000000001,87.21299999999974,1.7183903210723717,0.35695776642585325,-0.6308311212503902,3189.786,1940,-14.169999999999998,127448.07199999996,False
1945,0.09,4289.312,9981.611,205358.922,,,-0.11000000000000001,-873.174,-16.91382795033246,0.06699822692916012,-0.7062930783804321,3140.277,1940,-14.079999999999998,130879.32799999995,False
1946,-0.08,4608.547,10256.1,209967.484,,,-0.16999999999999998,319.2349999999997,7.442568878179068,-0.381121061383911,-0.6787039633994445,3391.973,1940,-14.159999999999998,134629.81899999996,False
1947,-0.03,5165.206,10801.527,215132.688,,,0.05,556.6590000000006,12.07883959955276,-0.24932127070359594,-0.6305960518101713,3548.138,1940,-14.189999999999998,138936.96899999995,False
1948,-0.11,5447.885,10998.176,220580.562,,,-0.08,282.6790000000001,5.472753652032458,-0.46020093579210003,-0.6061662009676553,3499.686,1940,-14.299999999999997,143526.79799999995,False
1949,-0.11,5204.035,10680.231,225784.594,,,0.0,-243.85000000000036,-4.476048962120172,-0.46020093579210003,-0.6272403491284579,3033.839,1940,-14.409999999999997,147872.77699999994,False
1950,-0.18,5930.244,12137.298,231714.844,2.379,,-0.06999999999999999,726.2089999999998,13.954729359045427,-0.644720642744541,-0.5644794876902446,3537.837,1950,-14.589999999999996,152944.96499999994,False
1951,-0.07,6381.429,12941.234,238096.266,2.515,,0.10999999999999999,451.1850000000004,7.6082029677025265,-0.35476110324784793,-0.5254869121809899,3106.184,1950,-14.659999999999997,158468.33799999993,False
1952,0.01,6467.46,12945.541,244563.734,2.503,,0.08,86.03099999999995,1.3481463164441765,-0.14388143815934393,-0.5180518904855951,3254.463,1950,-14.649999999999997,164077.74199999994,False
1953,0.08,6650.885,13239.966,251214.609,2.525,,0.07,183.42500000000018,2.8361211356545013,0.04063826879309712,-0.5021998272237733,3690.698,1950,-14.569999999999997,169870.57099999994,False
1954,-0.13,6789.529,13769.99,258004.141,2.528,,-0.21000000000000002,138.64400000000023,2.0845947569383627,-0.512920852064226,-0.4902178538893205,3702.777,1950,-14.699999999999998,175802.04399999994,False
1955,-0.14,7443.896,14567.124,265448.031,2.717,,-0.010000000000000009,654.3669999999993,9.637885043277649,-0.5392808102002891,-0.4336657640408893,3740.634,1950,-14.839999999999998,182387.88399999993,False
1956,-0.19,7926.013,15145.513,273374.062,2.835,,-0.04999999999999999,482.1170000000002,6.4766756547915305,-0.6710806008806041,-0.39199996502985096,3677.407,1950,-15.029999999999998,189455.84099999993,False
1957,0.05,8185.645,15509.211,281559.688,2.87,,0.24,259.6320000000005,3.2756948543990694,-0.03844160561509189,-0.36956189558024866,4012.947,1950,-14.979999999999997,196783.42999999993,False
1958,0.06,8417.188,15608.502,289976.875,2.891,,0.009999999999999995,231.54299999999967,2.828646978949112,-0.0120816474790289,-0.3495513502138483,3996.312,1950,-14.919999999999996,204342.56199999995,False
1959,0.03,8854.689,16598.379,298831.562,2.985,,-0.03,437.5010000000002,5.197709733939648,-0.09116152188721792,-0.31174138140310675,4288.211,1950,-14.889999999999997,212339.19499999995,False
1960,-0.03,9387.011,16093.021,308218.594,3.113,,-0.06,532.3220000000001,6.011752643147594,-0.24932127070359594,-0.26573673634567474,3958.096,1960,-14.919999999999996,220868.14999999994,False
1961,0.06,9415.042,16235.569,317633.625,3.072,,0.09,28.03099999999904,0.29861475607091403,-0.0120816474790289,-0.2633142247725952,3539.32,1960,-14.859999999999996,229425.13599999994,False
1962,0.03,9747.287,16077.982,327380.938,3.121,,-0.03,332.2450000000008,3.5288743268484746,-0.09116152188721792,-0.2346007519176192,3192.592,1960,-14.829999999999997,238314.36699999994,False
1963,0.05,10266.772,16428.055,337647.688,3.216,,0.020000000000000004,519.4850000000006,5.32953425912257,-0.03844160561509189,-0.18970551362639682,3362.683,1960,-14.779999999999996,247723.08299999993,False
1964,-0.2,10824.466,16683.293,348472.156,3.316,,-0.25,557.6939999999995,5.432028684381018,-0.697440559016667,-0.1415081546582169,3656.187,1960,-14.979999999999995,257689.49299999993,False
1965,-0.11,11310.601,16935.701,359782.75,3.392,6.4545183,0.09000000000000001,486.1350000000002,4.491076049386633,-0.46020093579210003,-0.09949510968732575,3835.742,1960,-15.089999999999995,268142.03799999994,False
1966,-0.06,11862.646,17085.477,371645.406,3.485,6.5335774,0.05,552.0450000000001,4.880775124151238,-0.328401145111785,-0.05178595192054164,4207.931,1960,-15.149999999999995,279146.62799999997,False
1967,-0.02,12237.369,17638.225,383882.75,3.523,6.435174,0.039999999999999994,374.72299999999996,3.1588483716027627,-0.22296131256753296,-0.01940142035908806,4496.715,1960,-15.169999999999995,290525.941,False
1968,-0.08,12905.283,18237.686,396788.031,3.64,6.397144,-0.06,667.9139999999989,5.457986925130709,-0.381121061383911,0.038321436293256926,4229.619,1960,-15.249999999999995,302573.168,False
1969,0.05,13761.785,19597.758,410549.844,3.802,6.346678,0.13,856.5020000000004,6.636832373222656,-0.03844160561509189,0.11234255603089814,4470.135,1960,-15.199999999999994,315476.897,False
1970,0.03,14899.124,20593.229,425448.969,4.033,6.2576427,-0.020000000000000004,1137.339,8.264472958994773,-0.09116152188721792,0.21063433620337768,4884.664,1970,-15.169999999999995,329517.96499999997,False
1971,-0.08,15503.854,20621.949,440952.812,4.113,6.2873034,-0.11,604.7299999999996,4.05882923049703,-0.381121061383911,0.2628966680355786,4999.093,1970,-15.249999999999995,344163.763,False
1972,0.01,16224.597,21615.156,457177.438,4.22,6.251033,0.09,720.7430000000004,4.6487989373480865,-0.14388143815934393,0.325185143606058,4982.524,1970,-15.239999999999995,359530.304,False
1973,0.16,17085.094,22329.176,474262.5,4.358,5.9974813,0.15,860.4970000000012,5.303657157093022,0.25151793388160115,0.3995515215840208,5075.273,1970,-15.079999999999995,375757.342,False
1974,-0.07,17011.072,22149.475,491273.594,4.257,6.540394,-0.23,-74.02200000000084,-0.4332548594699004,-0.35476110324784793,0.3931543487517101,5162.486,1970,-15.149999999999995,391910.358,False
1975,-0.01,17052.752,22112.086,508326.344,4.189,6.587483,0.060000000000000005,41.68000000000029,0.24501689252740544,-0.19660135443146992,0.39675644223271184,4289.312,1970,-15.159999999999995,408105.054,False
1976,-0.1,17989.111,23073.289,526315.438,4.341,6.2476835,-0.09000000000000001,936.3590000000004,5.490955360167082,-0.4338409776560371,0.4776790106054862,4608.547,1970,-15.259999999999994,425236.109,False
1977,0.18,18498.635,24012.406,544814.062,4.386,6.237358,0.28,509.5239999999976,2.8324023349458383,0.3042378501537272,0.5217133934944949,5165.206,1970,-15.079999999999995,442876.68799999997,False
1978,0.07,19069.291,24482.348,563883.312,4.443,6.489273,-0.10999999999999999,570.6560000000027,3.084854639274748,0.01427831065703413,0.5710309620524242,5447.885,1970,-15.009999999999994,461087.92299999995,False
1979,0.16,19609.02,24295.771,583492.375,4.489,6.596381,0.09,539.7289999999994,2.8303569335640155,0.25151793388160115,0.6176757392215111,5204.035,1970,-14.849999999999994,479838.88699999993,False
1980,0.26,19488.523,24456.057,602980.938,4.382,6.8060145,0.1,-120.49699999999939,-0.6144978178409755,0.5151175152422313,0.6072620765972248,5930.244,1980,-14.589999999999995,498469.35399999993,True
1981,0.32,19022.902,23852.844,622003.812,4.2,6.9877205,0.06,-465.6210000000028,-2.3892062010035464,0.6732772640586093,0.5670219046030432,6381.429,1980,-14.269999999999994,516634.19999999995,True
1982,0.14,18871.098,23414.797,640874.875,4.091,7.1932316,-0.18,-151.80399999999645,-0.7980065291825378,0.19879801760947519,0.5539026100063551,6467.46,1980,-14.129999999999994,534647.242,False
1983,0.31,18991.91,23776.867,659866.812,4.043,7.406497,0.16999999999999998,120.81199999999808,0.6401959228869325,0.6469173059225463,0.5643434957459608,6650.885,1980,-13.819999999999993,552781.096,False
1984,0.16,19647.801,25286.881,679514.625,4.109,7.3390236,-0.15,655.8909999999996,3.4535283707641806,0.25151793388160115,0.6210272936189852,6789.529,1980,-13.659999999999993,571570.841,False
1985,0.12,20311.902,25602.865,699826.5,4.172,7.3102527,-0.04000000000000001,664.1009999999987,3.3800271083771705,0.14607810133734914,0.6784206209420821,7443.896,1980,-13.539999999999994,591024.687,False
1986,0.18,20614.963,26142.145,720441.5,4.158,7.285367,0.06,303.0610000000015,1.492036540940389,0.3042378501537272,0.7046119369796505,7926.013,1980,-13.359999999999994,610781.594,False
1987,0.32,21250.074,26589.879,741691.562,4.208,7.1527147,0.14,635.1110000000008,3.0808253209088976,0.6732772640586093,0.7594998734674732,8185.645,1980,-13.039999999999994,631173.6120000001,False
1988,0.39,22085.131,27256.115,763776.75,4.295,7.114733,0.07,835.0570000000007,3.929666315514946,0.8577969710110503,0.8316676607986825,8417.188,1980,-12.649999999999993,652400.687,False
1989,0.27,22386.637,27339.98,786163.375,4.277,6.9900603,-0.12,301.5059999999976,1.365199056324351,0.5414774733782943,0.8577245897114195,8854.689,1980,-12.379999999999994,673929.268,False
1990,0.45,22728.988,27705.59,808892.312,4.266,7.1784005,0.18,342.3510000000024,1.5292649807114866,1.0159567198274284,0.8873114492439149,9387.011,1990,-11.929999999999994,695800.2000000001,False
1991,0.41,23186.102,28156.088,832078.438,4.279,7.305675,-0.040000000000000036,457.11399999999776,2.0111498145011897,0.9105168872831763,0.9268164242792937,9415.042,1990,-11.519999999999994,718128.246,False
1992,0.22,22528.172,27786.176,854606.625,4.092,7.2868786,-0.18999999999999997,-657.9300000000003,-2.8376050446081935,0.40967768269797916,0.8699564107486932,9747.287,1990,-11.299999999999994,739798.3620000001,False
1993,0.23,22755.787,27729.648,877362.438,4.07,7.6548657,0.010000000000000009,227.6150000000016,1.0103571652418264,0.43603764083404223,0.8896274881881894,10266.772,1990,-11.069999999999993,761696.0930000001,False
1994,0.31,22992.947,28882.324,900355.312,4.051,7.6321387,0.07999999999999999,237.15999999999985,1.0421964311759568,0.6469173059225463,0.9101234692331595,10824.466,1990,-10.759999999999993,783830.984,False
1995,0.44,23532.084,28964.484,923887.375,4.086,7.866311,0.13,539.1369999999988,2.344792948898622,0.9895967616913653,0.9567170842299634,11310.601,1990,-10.319999999999993,806505.0120000001,False
1996,0.33,24258.168,30270.709,948145.625,4.152,7.751967,-0.10999999999999999,726.0840000000026,3.085506579017827,0.6996372221946724,1.0194671428446376,11862.646,1990,-9.989999999999993,829905.1240000001,False
1997,0.46,24401.906,31808.471,972547.5,4.119,7.842729,0.13,143.73799999999756,0.5925344403583832,1.0423166779634914,1.0318893528439708,12237.369,1990,-9.529999999999992,853448.974,False
1998,0.61,24303.777,30448.242,996851.25,4.046,7.8813725,0.14999999999999997,-98.12900000000081,-0.4021366199837062,1.4377160500044364,1.0234087906751317,12905.283,1990,-8.919999999999993,876894.6950000001,True
1999,0.38,24853.729,30856.643,1021705.0,4.082,7.840555,-0.22999999999999998,549.9520000000011,2.2628252390564763,0.8314370128749874,1.070937065964571,13761.785,1990,-8.539999999999992,900890.368,False
2000,0.39,25510.553,30807.773,1047215.562,4.133,7.817928,0.010000000000000009,656.8240000000005,2.642758356301389,0.8577969710110503,1.127701496112494,14899.124,2000,-8.149999999999991,925542.865,False
2001,0.53,25706.293,30471.537,1072921.875,4.11,7.552363,0.14,195.7400000000016,0.767290305310131,1.2268363849159325,1.1446178535494247,15503.854,2000,-7.619999999999991,950391.102,False
2002,0.63,26276.869,31404.986,1099198.75,4.146,7.5717835,0.09999999999999998,570.5759999999973,2.2195965789388428,1.4904359662765625,1.1939285083002884,16224.597,2000,-6.989999999999991,975809.9149999999,False
2003,0.61,27669.49,33745.172,1126868.125,4.31,7.3357315,-0.020000000000000018,1392.6210000000028,5.299798084771834,1.4377160500044364,1.3142824196631968,17085.094,2000,-6.379999999999991,1002621.3489999999,False
2004,0.53,28632.506,34036.496,1155500.75,4.403,7.5255384,-0.07999999999999996,963.0159999999996,3.4804255517539406,1.2268363849159325,1.3975087549727048,17011.072,2000,-5.849999999999991,1030395.7989999999,False
2005,0.68,29614.395,34505.375,1185115.125,4.496,7.586022,0.15000000000000002,981.8889999999992,3.429280692371117,1.6222357569568777,1.4823661437914966,17052.752,2000,-5.169999999999991,1059152.1379999998,False
2006,0.64,30628.396,35960.543,1215743.5,4.591,7.724513,-0.040000000000000036,1014.0010000000002,3.4240138959448663,1.5167959244126255,1.5699987347662845,17989.111,2000,-4.529999999999991,1088922.478,False
2007,0.66,31534.645,36129.227,1247278.125,4.667,7.762623,0.020000000000000018,906.2489999999998,2.958852301635373,1.5695158406847516,1.6483191190048707,18498.635,2000,-3.8699999999999912,1119599.0669999998,False
2008,0.54,32074.199,36954.508,1279352.375,4.686,8.257497,-0.12,539.5540000000001,1.7109880260266053,1.2531963430519955,1.6949487722210024,19069.291,2000,-3.329999999999991,1150815.2099999997,False
2009,0.65,31541.922,36815.902,1310894.375,4.55,8.570196,0.10999999999999999,-532.2770000000019,-1.6595176702620118,1.5431558825486886,1.6489480161800445,19609.02,2000,-2.6799999999999913,1181499.0759999997,True
2010,0.72,33355.902,38843.812,1344250.125,4.75,8.807657,0.06999999999999995,1813.9800000000032,5.75101289008324,1.7276755895011295,1.8057168629331013,19488.523,2010,-1.9599999999999913,1213996.9219999996,False
2011,0.61,34504.539,39782.805,1378754.75,4.852,8.989022,-0.10999999999999999,1148.6369999999952,3.4435794900704364,1.4377160500044364,1.904985045508372,19022.902,2010,-1.3499999999999912,1247643.4049999996,False
2012,0.64,35000.02,40651.914,1413754.75,4.86,9.423264,0.030000000000000027,495.48099999999977,1.435987885535872,1.5167959244126255,1.9478057959896624,18871.098,2010,-0.7099999999999912,1281785.3689999995,False
2013,0.68,35301.656,40417.809,1449056.375,4.841,9.855674,0.040000000000000036,301.6360000000059,0.8618166503905123,1.6222357569568777,1.9738739598388813,18991.91,2010,-0.029999999999991145,1316228.9689999996,False
2014,0.75,35450.094,40846.285,1484506.5,4.802,10.222232,0.06999999999999995,148.43799999999464,0.4204845234455634,1.8067554639093186,1.9867023560032984,19647.801,2010,0.7200000000000089,1350821.0069999995,False
2015,0.9,35404.898,40936.484,1519911.375,4.739,10.498747,0.15000000000000002,-45.195999999996275,-0.12749190453485992,2.202154835950264,1.9827964007017786,20311.902,2010,1.620000000000009,1385367.8489999995,True
2016,1.01,35416.656,39822.91,1555328.0,4.686,10.930195,0.10999999999999999,11.75800000000163,0.033210094264357615,2.4921143754469566,1.9838125574951957,20614.963,2010,2.6300000000000088,1419926.4489999996,False
2017,0.92,35989.898,40220.918,1591317.875,4.707,11.355979,-0.08999999999999997,573.2419999999984,1.6185661345328617,2.2548747522223898,2.0333536148665092,21250.074,2010,3.5500000000000087,1455058.2909999995,False
2018,0.85,36730.426,40575.145,1628048.375,4.752,11.741059,-0.07000000000000006,740.5279999999984,2.0575996075343106,2.0703550452699484,2.097351961346816,22085.131,2010,4.400000000000008,1490930.6609999996,False
2019,0.98,37104.273,40891.02,1665152.625,4.75,12.2379875,0.13,373.8470000000016,1.017812861740297,2.4130345010387675,2.129660786720905,22386.637,2010,5.380000000000008,1527176.8779999996,False
2020,1.01,35126.527,38565.52,1700279.25,4.454,13.455194,0.030000000000000027,-1977.7459999999992,-5.3302378408007005,2.4921143754469566,1.958738858369727,22728.988,2020,6.390000000000008,1561445.3489999995,True
2021,0.85,36991.734,40544.516,1737270.875,4.65,13.470907,-0.16000000000000003,1865.2069999999949,5.309967022928275,2.0703550452699484,2.1199348750544353,23186.102,2020,7.240000000000007,1597579.0269999995,False
2022,0.89,37293.836,40834.871,1774564.625,4.649,,0.040000000000000036,302.1020000000062,0.8166743413542177,2.1757948778142007,2.1460433118298092,22528.172,2020,8.130000000000008,1634014.8069999996,False
2023,1.17,37791.57,41416.48,1812356.25,4.67,,0.2799999999999999,497.73399999999674,1.3346280602510197,2.9138737056239643,2.189058772402575,22755.787,2020,9.300000000000008,1670948.3209999995,False
