country,baseline_temp,recent_temp,total_warming,warming_per_decade,trend_per_decade,current_temp,population,gdp,region,warming_rank,trend_rank,is_arctic,pop_weighted_warming
United States,0.1108,0.22290909090909092,0.11210909090909092,0.02802727272727273,0.013689988921388209,0.241,343477332.0,,North America,1.0,1.0,False,38506931.43840001
China,0.0172,0.1040909090909091,0.0868909090909091,0.021722727272727275,0.005119199373293592,0.142,1422584937.0,,Asia,2.0,2.0,False,123609698.43496366
Russia,0.038266666666666664,0.08154545454545455,0.04327878787878788,0.01081969696969697,0.005066147192568523,0.089,145440504.0,,Other,3.0,3.0,True,6294488.721600001
Brazil,0.0144,0.04954545454545455,0.03514545454545455,0.008786363636363637,0.002895944486420588,0.055,211140731.0,,South America,4.0,4.0,False,7420636.964054546
Japan,0.0059,0.028545454545454544,0.022645454545454545,0.005661363636363636,0.00158906230444396,0.032,124370947.0,,Asia,5.0,10.0,False,2816436.627063636
Indonesia,0.015033333333333334,0.03618181818181818,0.021148484848484847,0.005287121212121212,0.0020590225790451996,0.041,281190068.0,,Asia,6.0,7.0,False,5946743.8926424235
Germany,0.019066666666666666,0.03954545454545454,0.020478787878787878,0.005119696969696969,0.0025741084962290998,0.042,84548234.0,,Europe,7.0,5.0,False,1731445.349612121
India,0.009133333333333334,0.029,0.019866666666666668,0.004966666666666667,0.0015942771321692294,0.038,1438069597.0,,Asia,8.0,9.0,False,28569649.327066667
Canada,0.0128,0.026727272727272725,0.013927272727272724,0.003481818181818181,0.001678803695342811,0.029,39299099.0,,North America,9.0,8.0,True,547329.2697090908
United Kingdom,0.0213,0.03418181818181818,0.012881818181818182,0.0032204545454545454,0.0022174374568328147,0.035,68682965.0,,Europe,10.0,6.0,False,884761.4673181818
Ukraine,0.006500000000000001,0.017181818181818184,0.010681818181818183,0.0026704545454545457,0.0010784959046219597,0.018,37732832.0,,Other,11.0,11.0,False,403055.250909091
France,0.0070999999999999995,0.015636363636363636,0.008536363636363637,0.0021340909090909093,0.0009947341828480838,0.017,66438828.0,,Europe,12.0,12.0,False,567145.9953818183
Mexico,0.0038,0.012090909090909091,0.008290909090909092,0.002072727272727273,0.0006946614070300513,0.014,129739764.0,,North America,13.0,15.0,False,1075660.5888
Italy,0.0023333333333333335,0.010363636363636365,0.008030303030303032,0.002007575757575758,0.0005864247604655798,0.012,59499452.0,,Europe,14.0,20.0,False,477798.62969696976
Australia,0.004866666666666667,0.012636363636363638,0.007769696969696972,0.001942424242424243,0.0007290329159926019,0.014,26451125.0,,Oceania,15.0,14.0,False,205517.2257575758
South Africa,0.0028,0.010363636363636363,0.007563636363636363,0.0018909090909090907,0.0005981059745701824,0.012,63212386.0,,Africa,16.0,19.0,False,478115.50138181815
Poland,0.0048000000000000004,0.012272727272727274,0.007472727272727273,0.0018681818181818183,0.0007430086542963227,0.013,38762847.0,,Other,17.0,13.0,False,289664.18394545454
South Korea,0.0002,0.006727272727272727,0.006527272727272727,0.0016318181818181818,0.0002927488399905437,0.009,51748744.0,,Asia,18.0,33.0,False,337778.1653818182
Iran,0.0012000000000000001,0.007545454545454546,0.0063454545454545465,0.0015863636363636366,0.0003791759181573348,0.01,90608708.0,,Other,19.0,27.0,False,574953.4380363637
Saudi Arabia,6.666666666666667e-05,0.005909090909090909,0.005842424242424243,0.0014606060606060607,0.00025626822292577325,0.008,33264288.0,,Other,20.0,37.0,False,194344.08261818183
Kazakhstan,0.0038,0.009454545454545453,0.005654545454545454,0.0014136363636363634,0.0006026023149199697,0.01,20330106.0,,Other,21.0,18.0,False,114957.50847272726
Thailand,0.003433333333333334,0.008545454545454545,0.005112121212121212,0.001278030303030303,0.0005402561523378651,0.01,71702438.0,,Other,22.0,21.0,False,366551.55426060606
Democratic Republic of Congo,0.0028333333333333335,0.007909090909090909,0.0050757575757575755,0.0012689393939393939,0.00046585794345736125,0.01,105789733.0,,Other,23.0,22.0,False,536963.0387121212
Spain,0.0014333333333333336,0.006454545454545455,0.005021212121212122,0.0012553030303030304,0.0003608429015765004,0.007,47911583.0,,Europe,24.0,29.0,False,240574.22130606062
Malaysia,0.0022,0.007,0.0048000000000000004,0.0012000000000000001,0.00039595607492664474,0.008,35126295.0,,Other,25.0,26.0,False,168606.21600000001
Argentina,0.005333333333333333,0.009727272727272727,0.004393939393939394,0.0010984848484848484,0.0006100653128201324,0.011,45538402.0,,South America,26.0,17.0,False,200092.97848484846
Turkey,0.0012000000000000001,0.005272727272727273,0.004072727272727273,0.0010181818181818183,0.00028530901910249343,0.007,87270503.0,,Other,27.0,34.0,False,355428.9576727273
Nigeria,0.0025666666666666667,0.006272727272727274,0.003706060606060607,0.0009265151515151517,0.0004137791972410085,0.007,227882949.0,,Africa,28.0,25.0,False,844548.0200818183
Netherlands,0.0016666666666666668,0.005272727272727273,0.0036060606060606057,0.0009015151515151514,0.0003238060362210345,0.006,18092525.0,,Other,29.0,31.0,False,65242.74166666666
Taiwan,0.0,0.0034545454545454545,0.0034545454545454545,0.0008636363636363636,0.00015104458793590165,0.004,23317145.0,,Other,30.0,50.0,False,80550.13727272727
Philippines,0.0033333333333333335,0.006727272727272727,0.003393939393939393,0.0008484848484848483,0.0004140109673621315,0.007,114891200.0,,Other,31.0,24.0,False,389933.7696969696
Venezuela,0.002366666666666667,0.0057272727272727275,0.0033606060606060605,0.0008401515151515151,0.00034155962749906135,0.006,28300860.0,,Other,32.0,30.0,False,95108.04163636363
Czechia,0.0019333333333333333,0.005,0.0030666666666666668,0.0007666666666666667,0.00031254200833445364,0.005,10809722.0,,Other,33.0,32.0,False,33149.81413333333
Colombia,0.006266666666666667,0.009272727272727273,0.003006060606060606,0.0007515151515151515,0.0006559789738146116,0.01,52321152.0,,South America,34.0,16.0,False,157280.55389090907
Vietnam,0.0022333333333333333,0.005,0.002766666666666667,0.0006916666666666667,0.0002779387292507799,0.006,100352189.0,,Other,35.0,35.0,False,277641.05623333337
Romania,0.0013333333333333333,0.004,0.002666666666666667,0.0006666666666666668,0.0002684593312968465,0.004,19118481.0,,Other,36.0,36.0,False,50982.61600000001
Belgium,0.0029333333333333334,0.005545454545454545,0.002612121212121212,0.000653030303030303,0.00036130644181874645,0.006,11712894.0,,Other,37.0,28.0,False,30595.49887272727
Myanmar,0.004333333333333333,0.006909090909090909,0.002575757575757576,0.000643939393939394,0.00041857683874825595,0.007,54133801.0,,Other,38.0,23.0,False,139435.54803030303
Egypt,0.0,0.0025454545454545456,0.0025454545454545456,0.0006363636363636364,0.00011831864683332482,0.004,114535772.0,,Africa,39.0,65.0,False,291545.60145454545
Cote d'Ivoire,0.0015666666666666667,0.004,0.0024333333333333334,0.0006083333333333333,0.00024959324343742906,0.004,31165651.0,,Other,40.0,38.0,False,75836.41743333334
Uzbekistan,0.0007333333333333333,0.003,0.002266666666666667,0.0005666666666666667,0.00017199660688542673,0.003,35652309.0,,Other,41.0,47.0,False,80811.9004
Algeria,0.0,0.002,0.002,0.0005,9.741298190802434e-05,0.003,46164221.0,,Other,42.5,72.0,False,92328.442
Belarus,0.002,0.004,0.002,0.0005,0.00024266331681584933,0.004,9115680.0,,Other,42.5,39.0,False,18231.36
Tanzania,0.0012666666666666666,0.003181818181818182,0.0019151515151515153,0.00047878787878787883,0.0002050470261575759,0.004,66617607.0,,Other,44.0,41.0,False,127582.8109818182
Iraq,0.0,0.0019090909090909091,0.0019090909090909091,0.0004772727272727273,8.682108737270025e-05,0.002,45074055.0,,Other,45.0,73.0,False,86050.46863636364
Greece,0.00016666666666666666,0.002,0.0018333333333333333,0.0004583333333333333,0.00010343900505722405,0.002,10242909.0,,Other,46.0,68.0,False,18778.6665
Peru,0.0012000000000000001,0.003,0.0018,0.00045,0.0002000176145292053,0.004,33845617.0,,South America,47.0,42.0,False,60922.1106
North Korea,0.00023333333333333333,0.002,0.0017666666666666668,0.0004416666666666667,0.00012098400322624008,0.002,26418196.0,,Other,48.0,64.0,False,46672.14626666667
Pakistan,0.0009666666666666667,0.002727272727272727,0.0017606060606060604,0.0004401515151515151,0.0001506042247057678,0.003,247504504.0,,Other,49.0,51.0,False,435757.9297696969
Bolivia,0.0012666666666666666,0.003,0.0017333333333333335,0.00043333333333333337,0.0001887535866426244,0.003,12244161.0,,Other,50.0,43.0,False,21223.2124
United Arab Emirates,0.0,0.0017272727272727272,0.0017272727272727272,0.0004318181818181818,7.10375421242195e-05,0.003,10642089.0,,Other,51.0,92.0,False,18381.79009090909
Ecuador,0.0010333333333333334,0.002727272727272727,0.0016939393939393937,0.0004234848484848484,0.00017313228047892976,0.003,17980079.0,,Other,52.0,46.0,False,30457.16412424242
Bulgaria,0.0004,0.002,0.0016,0.0004,0.00011808687671220174,0.002,6795804.0,,Other,53.0,66.0,False,10873.2864
Finland,0.001,0.0025454545454545456,0.0015454545454545456,0.0003863636363636364,0.00015850758583606434,0.003,5601185.0,,Other,54.0,49.0,True,8656.37681818182
Paraguay,0.00046666666666666666,0.002,0.0015333333333333334,0.00038333333333333334,0.00010241921652428256,0.002,6844152.0,,Other,55.0,69.0,False,10494.3664
Ethiopia,0.0017000000000000001,0.003,0.0013,0.000325,0.00018337651983256928,0.003,128691696.0,,Africa,56.0,45.0,False,167299.2048
Chile,0.0011,0.0023636363636363638,0.0012636363636363637,0.0003159090909090909,0.0001639078296582318,0.003,19658834.0,,South America,57.0,48.0,False,24841.61750909091
Kuwait,0.0,0.0011818181818181819,0.0011818181818181819,0.00029545454545454547,6.327324306659683e-05,0.002,4838780.0,,Other,58.0,101.0,False,5718.558181818182
Sweden,0.0018666666666666666,0.003,0.0011333333333333334,0.00028333333333333335,0.00018731661189166132,0.003,10551493.0,,Other,59.0,44.0,True,11958.358733333334
Angola,0.001,0.0020909090909090908,0.0010909090909090907,0.0002727272727272727,0.00013549281280854396,0.003,36749907.0,,Other,60.0,57.0,False,40090.80763636363
Madagascar,0.0019333333333333333,0.003,0.0010666666666666667,0.0002666666666666667,0.00021920818055819516,0.003,31195936.0,,Other,61.0,40.0,False,33275.66506666667
Cuba,0.0009666666666666667,0.002,0.0010333333333333334,0.00025833333333333334,0.0001448331486898035,0.002,11019931.0,,Other,62.5,54.0,False,11387.262033333334
Slovakia,0.0009666666666666667,0.002,0.0010333333333333334,0.00025833333333333334,0.00012571211369715062,0.002,5518057.0,,Other,62.5,62.0,False,5701.992233333333
Moldova,0.0,0.001,0.001,0.00025,6.271699477590146e-05,0.001,3067071.0,,Other,77.5,102.0,False,3067.071
Mongolia,0.001,0.002,0.001,0.00025,0.00013041704715594882,0.002,3431939.0,,Other,77.5,58.0,False,3431.939
Zimbabwe,0.0,0.001,0.001,0.00025,5.831336247456324e-05,0.001,16340829.0,,Other,77.5,103.0,False,16340.829
Guatemala,0.001,0.002,0.001,0.00025,0.00012661601716953058,0.002,18124842.0,,Other,77.5,60.0,False,18124.842
Malawi,0.0,0.001,0.001,0.00025,3.6990511331241214e-05,0.001,21104480.0,,Other,77.5,112.0,False,21104.48
Libya,0.0,0.001,0.001,0.00025,4.1440497656804075e-05,0.001,7305660.0,,Other,77.5,110.5,False,7305.66
Hong Kong,0.0,0.001,0.001,0.00025,2.9110327213057e-05,0.001,7442738.0,,Other,77.5,114.0,False,7442.738
Hungary,0.001,0.002,0.001,0.00025,0.00014703496484047262,0.002,9686463.0,,Other,77.5,53.0,False,9686.463
Latvia,0.0,0.001,0.001,0.00025,6.477974885389675e-05,0.001,1882400.0,,Other,77.5,98.0,False,1882.4
Israel,0.0,0.001,0.001,0.00025,4.1440497656804075e-05,0.001,9256311.0,,Other,77.5,110.5,False,9256.311
Kyrgyzstan,0.0,0.001,0.001,0.00025,4.429127014661777e-05,0.001,7073523.0,,Other,77.5,108.0,False,7073.523
Ghana,0.0,0.001,0.001,0.00025,5.597248425122027e-05,0.001,33787915.0,,Other,77.5,105.0,False,33787.915
Qatar,0.0,0.001,0.001,0.00025,2.5796014480997166e-05,0.001,2979087.0,,Other,77.5,117.0,False,2979.087
Morocco,0.0,0.001,0.001,0.00025,6.477974885389675e-05,0.001,37712517.0,,Other,77.5,98.0,False,37712.517
Trinidad and Tobago,0.0,0.001,0.001,0.00025,2.7464759353083237e-05,0.001,1502936.0,,Other,77.5,115.5,False,1502.936
Syria,0.0,0.001,0.001,0.00025,4.7049334587982255e-05,0.001,23594622.0,,Other,77.5,107.0,False,23594.622
South Sudan,0.0,0.001,0.001,0.00025,3.390796872030446e-05,0.001,11483373.0,,Other,77.5,113.0,False,11483.373
Cameroon,0.001,0.002,0.001,0.00025,0.00012309311132845997,0.002,28372688.0,,Other,77.5,63.0,False,28372.688000000002
Singapore,0.0,0.001,0.001,0.00025,4.287747240776708e-05,0.001,5789091.0,,Other,77.5,109.0,False,5789.091
Austria,0.001,0.002,0.001,0.00025,0.0001301852770348258,0.002,9130434.0,,Other,77.5,59.0,False,9130.434
Croatia,0.0,0.001,0.001,0.00025,5.1012603659186676e-05,0.001,3896024.0,,Other,77.5,106.0,False,3896.024
Portugal,0.0,0.001,0.001,0.00025,5.715451186894789e-05,0.001,10430735.0,,Other,77.5,104.0,False,10430.735
Denmark,0.001,0.002,0.001,0.00025,0.00014147248193351904,0.002,5948134.0,,Other,77.5,55.0,False,5948.134
Dominican Republic,0.0,0.001,0.001,0.00025,6.477974885389675e-05,0.001,11331268.0,,Other,77.5,98.0,False,11331.268
Estonia,0.0,0.001,0.001,0.00025,6.375996032095525e-05,0.001,1367194.0,,Other,77.5,100.0,False,1367.194
Nicaragua,0.001,0.002,0.001,0.00025,0.0001264537780847444,0.002,6823618.0,,Other,77.5,61.0,False,6823.618
Zambia,0.001,0.002,0.001,0.00025,0.00014144930492140676,0.002,20723968.0,,Other,77.5,56.0,False,20723.968
Bosnia and Herzegovina,0.0,0.001,0.001,0.00025,2.7464759353083237e-05,0.001,3185071.0,,Other,77.5,115.5,False,3185.071
Ireland,3.3333333333333335e-05,0.001,0.0009666666666666667,0.00024166666666666667,6.577636037472591e-05,0.001,5196629.0,,Other,92.0,96.0,False,5023.408033333333
Laos,6.666666666666667e-05,0.001,0.0009333333333333333,0.00023333333333333333,6.67497948834428e-05,0.001,7665002.0,,Other,93.5,94.5,False,7154.0018666666665
Kenya,6.666666666666667e-05,0.001,0.0009333333333333333,0.00023333333333333333,6.67497948834428e-05,0.001,55339007.0,,Africa,93.5,94.5,False,51649.73986666666
Azerbaijan,0.00013333333333333334,0.001,0.0008666666666666666,0.00021666666666666666,6.862713286453963e-05,0.001,10318210.0,,Other,95.0,93.0,False,8942.448666666667
Turkmenistan,0.00023333333333333333,0.001090909090909091,0.0008575757575757576,0.0002143939393939394,7.910314233930216e-05,0.002,7364437.0,,Other,96.0,81.0,False,6315.56263939394
Tunisia,0.0,0.0008181818181818183,0.0008181818181818183,0.00020454545454545457,2.2388993700488105e-05,0.001,12200434.0,,Other,97.0,118.0,False,9982.173272727274
Nepal,0.0002666666666666667,0.001,0.0007333333333333333,0.00018333333333333334,7.21036846813856e-05,0.001,29694614.0,,Other,98.0,91.0,False,21776.050266666665
Switzerland,0.0003333333333333333,0.001,0.0006666666666666668,0.0001666666666666667,7.370289851713475e-05,0.001,8870564.0,,Other,100.0,89.5,False,5913.709333333334
Sierra Leone,0.0003333333333333333,0.001,0.0006666666666666668,0.0001666666666666667,7.370289851713475e-05,0.001,8460523.0,,Other,100.0,89.5,False,5640.348666666668
Sudan,0.0003333333333333333,0.001,0.0006666666666666668,0.0001666666666666667,7.569612155879313e-05,0.002,50042799.0,,Other,100.0,86.0,False,33361.866
Mozambique,0.001,0.0016363636363636365,0.0006363636363636365,0.00015909090909090913,0.00010378666023890866,0.002,33635165.0,,Other,102.0,67.0,False,21404.195909090915
Afghanistan,0.0,0.0006363636363636364,0.0006363636363636364,0.0001590909090909091,1.8889264871529828e-05,0.001,41454762.0,,Other,103.0,119.0,False,26380.303090909092
Panama,0.0004,0.001,0.0006000000000000001,0.00015000000000000001,7.520940430443469e-05,0.001,4458759.0,,Other,104.0,87.0,False,2675.2554000000005
Serbia,0.00043333333333333337,0.001,0.0005666666666666667,0.00014166666666666668,7.792111472157455e-05,0.002,6773203.0,,Other,105.5,82.0,False,3838.148366666667
Costa Rica,0.00043333333333333337,0.001,0.0005666666666666667,0.00014166666666666668,7.592789167991619e-05,0.001,5105527.0,,Other,105.5,85.0,False,2893.131966666667
Bangladesh,0.001,0.0015454545454545456,0.0005454545454545456,0.0001363636363636364,9.984656817981653e-05,0.002,171466986.0,,Other,107.0,70.0,False,93527.44690909093
Liberia,0.0,0.0005454545454545455,0.0005454545454545455,0.00013636363636363637,1.710463493888222e-05,0.001,5493034.0,,Other,108.0,120.0,False,2996.200363636364
Sri Lanka,0.0005,0.001,0.0005,0.000125,7.729533539454227e-05,0.001,22971616.0,,Other,109.0,83.0,False,11485.808
Niger,0.0005333333333333334,0.001,0.00046666666666666666,0.00011666666666666667,7.67622641159592e-05,0.001,26159862.0,,Other,110.0,84.0,False,12207.9356
Gabon,0.0,0.00045454545454545455,0.00045454545454545455,0.00011363636363636364,1.5296827994122312e-05,0.001,2484790.0,,Other,111.0,121.0,False,1129.45
Uganda,0.0006000000000000001,0.001,0.00039999999999999996,9.999999999999999e-05,7.917267337563911e-05,0.001,48656604.0,,Other,112.0,80.0,False,19462.6416
Cambodia,0.0009666666666666667,0.0013636363636363635,0.00039696969696969685,9.924242424242421e-05,9.773746007759663e-05,0.002,17423881.0,,Other,113.0,71.0,False,6916.7527606060585
Oman,0.0,0.00036363636363636367,0.00036363636363636367,9.090909090909092e-05,1.3465844037250094e-05,0.001,5049268.0,,Other,114.0,122.0,False,1836.0974545454546
New Zealand,0.0016666666666666668,0.002,0.00033333333333333327,8.333333333333332e-05,0.00014893547983368174,0.002,5172839.0,,Oceania,115.0,52.0,False,1724.2796666666663
Norway,0.0009666666666666667,0.001,3.333333333333335e-05,8.333333333333337e-06,8.626483908200487e-05,0.002,5519166.0,,Other,116.0,75.0,True,183.97220000000007
Burundi,0.0,0.0,0.0,0.0,0.0,0.0,13689455.0,,Other,166.0,170.5,False,0.0
Solomon Islands,0.0,0.0,0.0,0.0,0.0,0.0,800013.0,,Other,166.0,170.5,False,0.0
Cape Verde,0.0,0.0,0.0,0.0,0.0,0.0,522335.0,,Other,166.0,170.5,False,0.0
Central African Republic,0.0,0.0,0.0,0.0,0.0,0.0,5152417.0,,Other,166.0,170.5,False,0.0
Somalia,0.0,0.0,0.0,0.0,0.0,0.0,18358621.0,,Other,166.0,170.5,False,0.0
Kiribati,0.0,0.0,0.0,0.0,0.0,0.0,132539.0,,Other,166.0,170.5,False,0.0
Chad,0.0,0.0,0.0,0.0,3.963269071204417e-06,0.001,19319073.0,,Other,166.0,125.0,False,0.0
Slovenia,0.0,0.0,0.0,0.0,5.910138088638165e-06,0.001,2118395.0,,Other,166.0,123.5,False,0.0
Suriname,0.0,0.0,0.0,0.0,0.0,0.0,628892.0,,Other,166.0,170.5,False,0.0
Sint Maarten (Dutch part),0.0,0.0,0.0,0.0,0.0,0.0,42775.0,,Other,166.0,170.5,False,0.0
Christmas Island,0.0,0.0,0.0,0.0,0.0,0.0,,,Other,166.0,170.5,False,
Comoros,0.0,0.0,0.0,0.0,0.0,0.0,850390.0,,Other,166.0,170.5,False,0.0
Seychelles,0.0,0.0,0.0,0.0,0.0,0.0,127961.0,,Other,166.0,170.5,False,0.0
Senegal,0.0,0.0,0.0,0.0,0.0,0.0,18077573.0,,Other,166.0,170.5,False,0.0
Congo,0.001,0.001,0.0,0.0,8.51755195127265e-05,0.001,6182889.0,,Other,166.0,77.0,False,0.0
Sao Tome and Principe,0.0,0.0,0.0,0.0,0.0,0.0,230881.0,,Other,166.0,170.5,False,0.0
Samoa,0.0,0.0,0.0,0.0,0.0,0.0,216674.0,,Other,166.0,170.5,False,0.0
Saint Vincent and the Grenadines,0.0,0.0,0.0,0.0,0.0,0.0,101331.0,,Other,166.0,170.5,False,0.0
Burkina Faso,0.0,0.0,0.0,0.0,5.910138088638165e-06,0.001,23025778.0,,Other,166.0,123.5,False,0.0
British Virgin Islands,0.0,0.0,0.0,0.0,0.0,0.0,39008.0,,Other,166.0,170.5,False,0.0
Brunei,0.0,0.0,0.0,0.0,0.0,0.0,458959.0,,Other,166.0,170.5,False,0.0
Bahrain,0.0,0.0,0.0,0.0,0.0,0.0,1569674.0,,Other,166.0,170.5,False,0.0
Andorra,0.0,0.0,0.0,0.0,0.0,0.0,80868.0,,Other,166.0,170.5,False,0.0
Yemen,0.0,0.0,0.0,0.0,0.0,0.0,39390800.0,,Other,166.0,170.5,False,0.0
Wallis and Futuna,0.0,0.0,0.0,0.0,0.0,0.0,11394.0,,Other,166.0,170.5,False,0.0
Anguilla,0.0,0.0,0.0,0.0,0.0,0.0,14435.0,,Other,166.0,170.5,False,0.0
Antarctica,0.0,0.0,0.0,0.0,0.0,0.0,,,Other,166.0,170.5,False,
Vanuatu,0.0,0.0,0.0,0.0,0.0,0.0,320422.0,,Other,166.0,170.5,False,0.0
Antigua and Barbuda,0.0,0.0,0.0,0.0,0.0,0.0,93333.0,,Other,166.0,170.5,False,0.0
Uruguay,0.001,0.001,0.0,0.0,8.427161604034655e-05,0.001,3388083.0,,Other,166.0,78.0,False,0.0
Armenia,0.0,0.0,0.0,0.0,0.0,0.0,2943395.0,,Other,166.0,170.5,False,0.0
Aruba,0.0,0.0,0.0,0.0,0.0,0.0,107946.0,,Other,166.0,170.5,False,0.0
Bahamas,0.0,0.0,0.0,0.0,0.0,0.0,399452.0,,Other,166.0,170.5,False,0.0
Tuvalu,0.0,0.0,0.0,0.0,0.0,0.0,9837.0,,Other,166.0,170.5,False,0.0
Saint Lucia,0.0,0.0,0.0,0.0,0.0,0.0,179293.0,,Other,166.0,170.5,False,0.0
Turks and Caicos Islands,0.0,0.0,0.0,0.0,0.0,0.0,46219.0,,Other,166.0,170.5,False,0.0
Barbados,0.0,0.0,0.0,0.0,0.0,0.0,282348.0,,Other,166.0,170.5,False,0.0
Belize,0.0,0.0,0.0,0.0,0.0,0.0,411115.0,,Other,166.0,170.5,False,0.0
Benin,0.0,0.0,0.0,0.0,0.0,0.0,14111035.0,,Other,166.0,170.5,False,0.0
Tonga,0.0,0.0,0.0,0.0,0.0,0.0,104614.0,,Other,166.0,170.5,False,0.0
Togo,0.0,0.0,0.0,0.0,0.0,0.0,9304344.0,,Other,166.0,170.5,False,0.0
Bermuda,0.0,0.0,0.0,0.0,0.0,0.0,64721.0,,Other,166.0,170.5,False,0.0
Bhutan,0.0,0.0,0.0,0.0,0.0,0.0,786387.0,,Other,166.0,170.5,False,0.0
Tajikistan,0.0,0.0,0.0,0.0,0.0,0.0,10389808.0,,Other,166.0,170.5,False,0.0
Bonaire Sint Eustatius and Saba,0.0,0.0,0.0,0.0,0.0,0.0,29919.0,,Other,166.0,170.5,False,0.0
Botswana,0.0,0.0,0.0,0.0,0.0,0.0,2480242.0,,Other,166.0,170.5,False,0.0
Saint Pierre and Miquelon,0.0,0.0,0.0,0.0,0.0,0.0,5707.0,,Other,166.0,170.5,False,0.0
Cook Islands,0.0,0.0,0.0,0.0,0.0,0.0,14243.0,,Other,166.0,170.5,False,0.0
Saint Kitts and Nevis,0.0,0.0,0.0,0.0,0.0,0.0,46783.0,,Other,166.0,170.5,False,0.0
Guinea-Bissau,0.0,0.0,0.0,0.0,0.0,0.0,2153344.0,,Other,166.0,170.5,False,0.0
Greenland,0.0,0.0,0.0,0.0,0.0,0.0,55951.0,,Other,166.0,170.5,True,0.0
Grenada,0.0,0.0,0.0,0.0,0.0,0.0,117093.0,,Other,166.0,170.5,False,0.0
Micronesia (country),0.0,0.0,0.0,0.0,0.0,0.0,112646.0,,Other,166.0,170.5,False,0.0
Guinea,0.001,0.001,0.0,0.0,8.27419332409343e-05,0.001,14405469.0,,Other,166.0,79.0,False,0.0
Mauritius,0.0,0.0,0.0,0.0,0.0,0.0,1273590.0,,Other,166.0,170.5,False,0.0
Mauritania,0.0,0.0,0.0,0.0,0.0,0.0,5022440.0,,Other,166.0,170.5,False,0.0
Marshall Islands,0.0,0.0,0.0,0.0,0.0,0.0,38849.0,,Other,166.0,170.5,False,0.0
Malta,0.0,0.0,0.0,0.0,0.0,0.0,532964.0,,Other,166.0,170.5,False,0.0
Mali,0.0,0.0,0.0,0.0,0.0,0.0,23769129.0,,Other,166.0,170.5,False,0.0
Maldives,0.0,0.0,0.0,0.0,0.0,0.0,526009.0,,Other,166.0,170.5,False,0.0
Guyana,0.0,0.0,0.0,0.0,0.0,0.0,826360.0,,Other,166.0,170.5,False,0.0
Montserrat,0.0,0.0,0.0,0.0,0.0,0.0,4440.0,,Other,166.0,170.5,False,0.0
Haiti,0.0,0.0,0.0,0.0,0.0,0.0,11637402.0,,Other,166.0,170.5,False,0.0
Macao,0.0,0.0,0.0,0.0,0.0,0.0,713916.0,,Other,166.0,170.5,False,0.0
Luxembourg,0.0,0.0,0.0,0.0,0.0,0.0,665101.0,,Other,166.0,170.5,False,0.0
Lithuania,0.001,0.001,0.0,0.0,8.670520231213873e-05,0.001,2854105.0,,Other,166.0,74.0,False,0.0
Liechtenstein,0.0,0.0,0.0,0.0,0.0,0.0,39621.0,,Other,166.0,170.5,False,0.0
Honduras,0.001,0.001,0.0,0.0,8.543046664596188e-05,0.001,10644855.0,,Other,166.0,76.0,False,0.0
Lesotho,0.0,0.0,0.0,0.0,0.0,0.0,2311476.0,,Other,166.0,170.5,False,0.0
Albania,0.0,0.0,0.0,0.0,0.0,0.0,2811660.0,,Other,166.0,170.5,False,0.0
Iceland,0.0,0.0,0.0,0.0,0.0,0.0,387559.0,,Other,166.0,170.5,True,0.0
Jamaica,0.0,0.0,0.0,0.0,0.0,0.0,2839785.0,,Other,166.0,170.5,False,0.0
Montenegro,0.0,0.0,0.0,0.0,0.0,0.0,633557.0,,Other,166.0,170.5,False,0.0
Georgia,0.0,0.0,0.0,0.0,0.0,0.0,3807494.0,,Other,166.0,170.5,False,0.0
Saint Helena,0.0,0.0,0.0,0.0,0.0,0.0,5316.0,,Other,166.0,170.5,False,0.0
Palau,0.0,0.0,0.0,0.0,0.0,0.0,17750.0,,Other,166.0,170.5,False,0.0
Rwanda,0.0,0.0,0.0,0.0,0.0,0.0,13954474.0,,Other,166.0,170.5,False,0.0
Jordan,0.0,0.0,0.0,0.0,0.0,0.0,11439219.0,,Other,166.0,170.5,False,0.0
Curacao,0.0,0.0,0.0,0.0,0.0,0.0,185437.0,,Other,166.0,170.5,False,0.0
Cyprus,0.0,0.0,0.0,0.0,0.0,0.0,1344979.0,,Other,166.0,170.5,False,0.0
Djibouti,0.0,0.0,0.0,0.0,0.0,0.0,1152951.0,,Other,166.0,170.5,False,0.0
Dominica,0.0,0.0,0.0,0.0,0.0,0.0,66531.0,,Other,166.0,170.5,False,0.0
East Timor,0.0,0.0,0.0,0.0,0.0,0.0,1384292.0,,Other,166.0,170.5,False,0.0
El Salvador,0.0,0.0,0.0,0.0,0.0,0.0,6309628.0,,Other,166.0,170.5,False,0.0
Papua New Guinea,0.001,0.001,0.0,0.0,7.446773991684087e-05,0.001,10389638.0,,Other,166.0,88.0,False,0.0
Palestine,0.0,0.0,0.0,0.0,0.0,0.0,5409201.0,,Other,166.0,170.5,False,0.0
Equatorial Guinea,0.0,0.0,0.0,0.0,0.0,0.0,1847556.0,,Other,166.0,170.5,False,0.0
Gambia,0.0,0.0,0.0,0.0,0.0,0.0,2697848.0,,Other,166.0,170.5,False,0.0
North Macedonia,0.0,0.0,0.0,0.0,0.0,0.0,1831800.0,,Other,166.0,170.5,False,0.0
Eritrea,0.0,0.0,0.0,0.0,0.0,0.0,3470392.0,,Other,166.0,170.5,False,0.0
Niue,0.0,0.0,0.0,0.0,0.0,0.0,1841.0,,Other,166.0,170.5,False,0.0
Eswatini,0.0,0.0,0.0,0.0,0.0,0.0,1230508.0,,Other,166.0,170.5,False,0.0
Faroe Islands,0.0,0.0,0.0,0.0,0.0,0.0,54738.0,,Other,166.0,170.5,False,0.0
New Caledonia,0.0,0.0,0.0,0.0,0.0,0.0,289880.0,,Other,166.0,170.5,False,0.0
Fiji,0.0,0.0,0.0,0.0,0.0,0.0,924150.0,,Other,166.0,170.5,False,0.0
French Polynesia,0.0,0.0,0.0,0.0,0.0,0.0,281124.0,,Other,166.0,170.5,False,0.0
Nauru,0.0,0.0,0.0,0.0,0.0,0.0,11900.0,,Other,166.0,170.5,False,0.0
Namibia,0.0,0.0,0.0,0.0,0.0,0.0,2963101.0,,Other,166.0,170.5,False,0.0
Lebanon,0.0,0.0,0.0,0.0,0.0,0.0,5773492.0,,Other,166.0,170.5,False,0.0
